"D01-D06","D01-D07","D01-D08","D02-D07","D02-D08","D02-D09","D03-D08","D03-D09","D03-D10","D04-D09","D04-D10","D04-D11","D05-D10","D05-D11","D05-D12","D06-D11","D06-D12","D07-D12"
0,0,0,0,0,0,0,0,0,0,0,0,0,0,0,0,0,0
7768,9176,8039,7647,9225,9119,8721,9070,11550,10688,8612,10421,11385,9258,8349,8725,9429,7973
7609,8967,8056,7460,9581,9078,8704,9189,11511,10605,8525,10384,11453,9157,8318,9017,9404,7947
7690,9251,8071,7484,9271,9128,8824,9066,11702,10815,8699,10349,11589,9202,8381,9072,9679,8115
7992,9339,8237,7805,9382,9113,8834,9086,11735,10797,8661,10122,11491,8979,8495,9086,9463,8054
7494,8800,8064,7502,9459,9095,8817,9270,11565,10818,8540,10358,11525,9143,8302,9085,9328,7986
7582,9013,8011,7604,9507,8987,8623,9053,11414,10618,8529,10231,11347,8997,8450,8903,9604,7989
7711,9259,8058,7659,9477,8913,8754,9146,11652,10789,8570,10324,11620,9248,8324,9027,9485,7927
7742,9385,8067,7724,9542,9308,8786,9208,11818,10729,8660,10290,11497,9158,8421,9001,9609,8015
7766,9214,8149,7522,9383,9071,8698,9221,11582,10595,8617,10262,11418,8890,8495,8981,9554,7855
7720,8986,7999,7526,9319,8928,8642,9053,11560,10510,8609,10285,11351,8953,8377,8896,9501,7826
7551,9450,8316,7636,9475,8807,8547,9324,11724,10735,8585,10343,11270,9182,8498,8916,9473,7904
7791,9386,8213,7723,9540,9291,8779,9222,11761,10688,8533,10267,11484,9234,8556,8651,9592,8051
7690,9109,8191,7581,9262,8982,8718,9076,11688,10711,8703,10204,11380,9178,8444,8841,9439,7971
7654,9012,7902,7533,9486,9121,8576,9201,11683,10752,8543,10228,11305,9228,8281,8879,9259,7978
7612,9188,8244,7773,9450,9201,8680,9274,11447,10502,8526,10443,11441,9130,8436,8930,9478,7958
7895,9352,8140,7617,9499,9320,8841,9290,11664,10865,8559,10530,11575,9358,8552,8920,9333,8072
7715,9246,8086,7718,9347,9036,8876,9280,11642,10870,8593,10355,11527,9087,8430,8860,9584,7894
7547,9114,7924,7741,9362,8865,8724,8978,11773,10741,8532,10430,11510,9249,8313,8834,9413,7993
7829,9259,8147,7570,9363,9021,8887,9168,11734,10808,8617,10360,11462,9161,8321,8990,9423,7927
7852,9253,8281,7741,9591,9111,8794,9220,11617,10721,8559,10196,11662,9219,8482,8942,9488,7885
7781,9079,8122,7669,9604,9180,8792,9129,11467,10666,8586,10162,11393,9191,8378,9034,9421,7969
7499,9207,8161,7607,9238,9255,8879,9115,11435,10824,8514,10379,11480,8998,8400,8953,9699,7932
7862,9208,8334,7651,9413,8925,8701,9201,11826,10825,8593,10088,11586,9273,8397,9047,9545,7998
7859,9347,8436,7583,9485,9061,8762,9365,11531,10789,8710,10066,11645,9106,8332,8991,9285,7912
7701,9367,8133,7650,9323,9069,8535,9201,11518,10637,8428,10136,11381,9230,8448,9005,9404,7973
7719,9162,8132,7411,9473,9305,8614,9275,11686,10549,8546,10256,11353,9082,8233,8767,9613,7983
7653,9373,8141,7659,9379,9177,8671,9201,11544,10664,8620,10434,11346,9082,8293,9053,9518,8052
7985,9215,8089,7521,9422,9278,8806,9343,11670,10769,8634,10251,11352,9078,8451,8874,9429,8140
7774,9099,8161,7489,9511,8983,8851,8961,11902,10711,8543,10477,11426,9157,8405,8985,9495,8039
7618,9119,8091,7557,9496,8942,8557,8913,11543,10553,8370,10222,11380,8957,8553,8874,9507,7979
7671,9349,8109,7760,9292,9133,8784,9065,11410,10667,8532,10411,11489,9232,8360,8854,9566,8093
7906,9269,8190,7682,9477,9225,8744,9414,11725,10662,8698,10239,11562,9269,8373,8799,9472,7901
7680,9047,8032,7631,9284,9168,8825,9217,11577,10617,8664,10261,11519,9021,8447,8941,9333,8063
7560,9207,7992,7538,9251,9204,8816,9166,11637,10643,8322,10223,11464,8991,8489,8968,9592,7972
7692,9098,8173,7581,9449,9032,8579,9242,11497,10628,8577,10364,11711,9044,8447,8869,9408,7960
7837,9274,8198,7724,9414,9226,8829,9271,11814,10784,8578,10491,11594,9127,8443,9009,9336,7971
7972,9081,8188,7646,9514,9198,8802,9115,11599,10764,8497,10242,11347,9264,8333,9013,9319,8051
7614,9113,8026,7529,9319,9103,8603,9206,11604,10678,8417,10242,11335,9049,8450,8865,9544,8131
7658,9217,8246,7494,9522,9147,8805,9201,11700,10872,8633,10463,11431,9129,8669,9048,9481,8127
7648,9217,8325,7517,9493,9146,8714,9037,11844,11008,8402,10367,11617,9297,8385,8947,9605,8048
7777,9142,8124,7671,9395,9141,8707,9083,11487,10559,8596,10487,11459,9089,8251,8908,9547,7994
7617,9239,8166,7488,9282,9247,8838,9142,11348,10357,8420,10238,11412,9231,8558,8994,9432,8019
7909,9342,8133,7634,9557,9077,8894,9114,11803,10740,8526,10419,11351,9096,8338,9124,9506,7892
7752,9649,8290,7699,9424,9221,8853,9293,11556,10866,8642,10224,11585,9232,8335,8893,9371,8146
7721,9113,8003,7591,9476,9150,8875,9275,11476,10761,8322,10225,11373,9140,8475,8871,9517,7925
7551,9270,8124,7750,9571,9163,8647,9260,11647,10540,8444,10252,11268,9082,8431,8952,9616,8003
7741,9198,8314,7609,9445,9026,8592,9211,11498,10930,8517,10226,11517,9179,8321,8821,9405,7910
7885,9225,8179,7530,9511,9345,8768,9280,11603,10611,8419,10157,11456,9185,8405,8969,9472,7992
7704,9013,8150,7599,9404,9072,8980,9017,11562,10779,8584,10177,11336,9162,8417,9038,9499,8034
7639,9065,8147,7477,9199,9102,8739,9083,11600,10761,8476,10338,11428,9097,8444,8854,9360,7969
7756,9278,8158,7529,9437,8975,8899,9068,11486,10683,8488,10408,11396,9160,8487,8978,9489,7969
7813,9372,8148,7732,9405,9298,8830,9211,11949,10904,8450,10353,11462,9114,8508,9021,9334,8010
7663,9259,8228,7624,9363,9160,8663,9110,11570,10546,8697,10294,11300,9108,8455,8826,9560,7998
7688,9238,8203,7409,9368,9209,8619,9141,11822,10527,8480,10080,11378,8971,8540,8799,9254,7860
7751,9238,8075,7603,9444,9136,8814,9087,11666,10797,8649,10281,11419,8998,8327,9022,9496,7912
7789,9230,8418,7621,9408,9257,8929,9397,11586,10670,8718,10317,11478,9235,8517,9090,9402,8066
7840,8907,8137,7703,9485,9145,8658,9154,11556,10589,8610,10347,11471,9317,8379,8813,9440,7971
7740,9234,8068,7614,9414,8989,8668,9221,11779,10749,8389,10129,11393,9107,8360,8952,9500,7932
7789,9195,8292,7691,9400,9125,8747,9077,11627,10811,8721,10312,11339,9422,8350,8972,9457,8101
7870,9481,8256,7817,9401,9262,8753,9230,11841,10791,8719,10423,11570,9348,8381,8990,9648,7867
7678,9231,8003,7688,9568,9135,8594,9108,11568,10617,8718,10393,11314,9130,8305,9071,9582,8057
7597,9017,8241,7496,9452,9209,8699,9139,11771,10663,8556,10438,11323,9170,8346,8940,9424,8046
7695,9400,7980,7632,9348,9097,8566,9210,11671,10872,8487,10369,11594,9234,8374,8834,9325,8034
7779,9231,8116,7738,9250,9196,8882,9199,11783,10874,8637,10308,11634,9189,8482,9093,9443,8275
7693,9305,8146,7565,9543,9190,8871,9106,11598,10678,8451,10320,11532,9177,8463,8890,9282,7888
7600,9263,8030,7607,9460,9155,8907,9237,11635,10761,8631,10371,11417,9078,8467,8807,9536,8058
7793,9202,8188,7557,9359,9149,8924,9166,11710,10809,8672,10402,11583,9342,8465,8982,9532,7959
7968,9391,8205,7679,9340,9230,8725,9293,11667,10824,8704,10420,11446,9102,8337,9037,9471,8117
7739,9173,8230,7507,9417,8994,8444,9143,11561,10800,8644,10267,11455,9253,8521,8900,9496,8047
7553,9160,8192,7641,9384,9184,8785,9266,11619,10578,8570,10197,11274,9168,8545,8859,9693,7983
7777,9277,8254,7504,9383,9105,8939,9236,11669,10683,8571,10275,11357,9116,8390,9064,9516,8107
7840,9239,8242,7731,9285,9286,8832,9349,11779,10773,8462,10101,11464,9072,8442,8933,9508,8035
7837,9448,8246,7758,9283,9168,8529,9174,11541,10827,8670,10325,11196,9133,8504,8998,9472,8003
7636,8963,8098,7607,9479,9042,8909,9109,11666,10553,8547,10226,11339,9150,8483,9032,9548,8118
7756,9151,8166,7670,9281,9011,8682,9207,11530,10956,8647,10346,11551,9045,8590,8926,9705,7980
7860,9112,8295,7794,9538,9254,8866,9358,11833,10859,8708,10414,11601,9067,8403,8998,9583,8114
7704,9284,8310,7495,9403,9029,8930,9253,11448,10762,8621,10241,11323,9046,8528,9037,9563,8077
7755,8995,8216,7528,9400,9208,8600,9218,11651,10626,8605,10300,11254,8926,8455,9099,9520,7978
7641,9362,8367,7613,9615,9130,8989,9142,11589,10696,8747,10493,11775,9315,8338,9077,9563,8015
7809,9375,8277,7592,9528,9273,8770,9463,11790,10799,8715,10396,11640,9301,8507,9064,9611,8027
7668,9286,8152,7639,9348,9127,8853,9191,11420,10788,8664,10279,11362,9271,8358,9136,9218,8005
7553,9168,8160,7489,9430,9150,8796,9220,11741,10538,8630,10286,11449,8873,8327,9027,9341,8190
7755,9289,8221,7543,9470,9330,8670,9331,11534,10932,8529,10350,11524,9145,8325,9006,9528,8063
7823,9352,8213,7746,9597,9219,8752,9344,11824,10813,8618,10341,11445,9222,8342,9097,9442,8029
7765,9209,8226,7696,9627,9112,8860,9136,11735,10689,8440,10237,11278,9171,8314,8979,9524,8100
7789,9086,8212,7493,9338,9264,8765,9325,11814,10739,8589,10114,11294,9038,8393,8963,9563,8073
7736,9246,8150,7500,9542,9336,8895,9288,11417,10728,8550,10212,11688,9137,8350,8969,9551,8198
7802,9380,8250,7664,9402,9220,8953,9348,11777,10612,8624,10357,11404,9239,8484,9024,9429,8285
7691,9238,8288,7634,9396,9168,8684,9300,11514,10561,8603,10331,11303,9200,8477,8970,9463,7928
7435,9126,8127,7643,9437,9230,8672,9208,11494,10666,8771,10290,11771,9046,8470,8937,9497,8129
7855,9256,8386,7743,9476,9334,8717,9168,11651,10652,8757,10297,11573,9214,8436,9140,9553,8041
7702,9243,8134,7834,9584,9055,8826,9309,11505,10610,8647,10320,11533,9262,8488,8989,9634,8254
7690,9101,8168,7487,9507,9074,8817,9392,11828,10781,8705,10274,11272,9068,8444,9019,9531,8131
7589,8936,8244,7688,9381,9022,8867,9219,11683,10609,8677,10325,11339,9317,8424,8954,9417,8218
7731,9174,8423,7544,9436,9203,8787,9205,11662,10756,8757,10520,11537,9204,8521,9073,9578,8299
7891,9311,8464,7639,9574,9497,8897,9285,11626,10869,8695,10159,11623,9468,8427,9123,9443,8194
7964,9110,8375,7729,9440,9231,8791,9010,11556,10658,8709,10397,11552,9200,8246,9059,9439,8321
7638,8988,8463,7830,9461,9269,8857,9393,11776,10693,8676,10303,11370,9210,8385,8840,9458,8249
7730,9261,8398,7477,9487,9122,8876,9228,11636,10850,8702,10477,11550,9356,8567,9035,9599,8361
7943,9346,8419,7691,9514,9202,8839,9351,11513,10740,8668,10436,11631,9473,8476,9232,9680,8215
7751,9240,8426,7502,9471,9188,8767,9201,11682,10811,8736,10356,11355,9325,8232,9117,9344,8237
7612,9105,8199,7534,9526,9159,8782,9332,11774,10669,8717,10297,11659,9190,8375,9076,9420,8133
7794,9320,8223,7659,9555,9206,8693,9261,11539,10827,8892,10256,11533,9199,8427,9235,9544,8248
7903,9356,8299,7541,9396,9400,8759,9375,11721,11043,8673,10167,11624,9234,8500,9402,9265,8203
7754,9091,8288,7683,9566,9088,8610,9334,11576,10889,8957,10261,11312,9414,8302,9126,9538,8277
7774,9088,8361,7505,9621,9114,8728,9200,11520,10526,8417,10310,11381,9057,8600,9026,9341,8223
7659,9354,8516,7799,9456,9203,8731,9367,11675,10720,8889,10328,11738,9133,8430,9345,9418,8316
7848,9399,8446,7798,9651,9383,8651,9450,11729,10695,8663,10296,11349,9305,8536,9325,9612,8265
7778,9200,8348,7612,9507,9047,8729,9426,11537,10780,8620,10246,11514,9305,8357,9116,9579,8407
7704,9096,8090,7588,9469,9289,8699,9482,11569,10634,8521,10185,11401,9312,8397,9143,9542,8319
7672,9296,8426,7472,9533,9259,8666,9280,11629,10635,8666,10298,11712,9274,8257,9115,9371,8358
7703,9444,8497,7661,9416,9491,8818,9352,11790,10642,8622,10251,11683,9283,8538,9264,9425,8254
7602,9178,8220,7647,9606,9202,8802,9284,11571,10744,8822,10270,11429,9314,8510,9117,9467,8212
7807,9268,8525,7660,9294,9205,8801,9236,11684,10689,8505,10362,11448,9403,8460,9045,9649,8315
7859,9173,8424,7577,9516,9260,8955,9268,11664,10953,8802,10268,11596,9295,8545,9070,9405,8349
7775,9249,8539,7469,9368,9471,8816,9477,11594,10729,8678,10397,11577,9266,8406,9095,9628,8287
7730,9329,8332,7641,9441,9496,8762,9153,11566,10820,8843,10298,11367,9193,8232,9067,9629,8270
7662,9300,8294,7622,9541,9313,8934,9327,11678,10834,8670,10071,11558,9167,8376,9048,9641,8246
7800,9314,8440,7552,9584,9454,8893,9202,11514,10886,8765,10300,11495,9435,8322,9279,9583,8370
7826,9383,8566,7690,9411,9477,8716,9168,11724,10834,8783,10194,11599,9395,8556,9053,9610,8442
7909,9125,8411,7521,9483,9316,8658,9095,11683,10884,8628,10314,11483,9175,8463,9155,9297,8452
7664,9090,8472,7660,9402,9167,8663,9266,11641,10677,8729,10284,11296,9162,8410,9201,9434,8344
7820,9129,8628,7647,9354,9323,8850,9052,11480,10545,8810,10491,11491,9293,8476,9129,9578,8500
7934,9429,8603,7603,9617,9202,8905,9437,11749,11108,8677,10434,11663,9211,8395,9405,9518,8366
7700,9261,8480,7713,9393,9218,8917,9320,11730,10786,8592,10202,11536,9187,8479,9249,9435,8379
7877,8985,8638,7880,9369,9332,8832,9126,11622,10722,8706,10243,11394,9441,8493,9123,9724,8508
7736,9174,8369,7656,9410,9537,8627,9217,11648,10897,8902,10168,11587,9338,8568,9271,9385,8483
7868,9099,8611,7757,9596,9647,8864,9327,11668,10734,8862,10376,11760,9251,8547,9275,9524,8552
7725,9268,8707,7529,9622,9375,8808,9206,11600,10857,8873,10208,11654,9158,8372,9189,9441,8401
7531,9260,8525,7635,9410,9324,8784,9217,11591,10559,8822,10143,11315,9475,8485,9078,9600,8389
7844,9200,8505,7503,9524,9402,8703,9250,11607,10667,8851,10377,11666,9376,8414,9368,9687,8588
7849,9478,8560,7693,9665,9395,8743,9249,11669,10902,8918,10431,11442,9374,8498,9082,9624,8402
7786,9125,8641,7590,9544,9447,8892,9259,11608,10637,8834,10160,11579,9324,8315,9143,9546,8581
7701,9218,8490,7738,9528,9457,8679,9410,11656,10644,8757,10176,11434,9224,8471,9332,9483,8479
7771,9319,8642,7561,9609,9341,8550,9308,11626,10851,9008,10185,11652,9290,8324,9256,9568,8590
7711,9537,8540,7573,9417,9465,8859,9331,11624,10738,8822,10308,11566,9317,8403,9150,9385,8600
7477,9295,8696,7667,9652,9184,8624,9328,11565,10839,8789,10467,11484,9261,8626,9275,9314,8608
7748,9148,8475,7612,9599,9608,8834,9248,11611,10536,8797,10443,11272,9278,8337,9209,9524,8572
7722,9323,8486,7686,9559,9418,8874,9305,11628,10850,8736,10482,11435,9242,8521,9260,9436,8465
7794,9499,8623,7673,9320,9444,8900,9264,11789,10639,8890,10275,11598,9434,8471,9381,9467,8492
7679,9203,8584,7536,9452,9284,8688,9295,11663,10650,8788,10228,11365,9146,8399,9337,9448,8636
7590,9135,8579,7724,9605,9508,8645,9470,11590,10671,8831,10274,11599,9289,8436,9233,9394,8685
7747,9329,8761,7606,9536,9399,8864,9303,11728,10801,8920,10444,11526,9466,8378,9317,9499,8627
7879,9419,8692,7516,9422,9677,8713,9423,11670,10810,8665,10215,11759,9320,8410,9423,9615,8609
7715,9338,8684,7723,9716,9496,8671,9199,11636,10805,8998,10350,11529,9226,8354,9413,9372,8511
7582,9207,8670,7608,9351,9372,8653,9270,11551,10591,8935,10404,11493,9496,8553,9301,9605,8656
7846,9340,8806,7678,9516,9493,8538,9287,11494,10794,8892,10247,11586,9380,8449,9297,9664,8690
7783,9395,8866,7722,9499,9658,9034,9391,11607,10850,8832,10220,11689,9364,8565,9408,9605,8586
7760,9252,8647,7582,9393,9525,8798,9142,11621,10759,8846,10352,11578,9379,8377,9256,9501,8757
7675,9021,8797,7600,9469,9516,8820,9409,11619,10661,8919,10167,11432,9408,8442,9266,9518,8962
7707,9523,8951,7443,9561,9568,8730,9364,11710,10951,8979,10302,11783,9489,8488,9427,9447,8795
7955,9322,9028,7802,9543,9622,8899,9446,11753,10944,9131,10428,11656,9565,8530,9553,9503,8875
7795,9308,8988,7646,9405,9635,8746,9397,11747,10758,9174,10522,11643,9744,8511,9433,9500,8811
7632,9183,9095,7493,9540,9399,8794,9451,11721,10674,9246,10241,11889,9634,8335,9439,9553,8858
7871,9146,9062,7702,9703,9719,8647,9292,11798,10728,9066,10375,11837,9652,8518,9457,9601,8840
7812,9470,9059,7723,9558,9782,8851,9522,11821,10712,9145,10383,11716,9726,8608,9796,9513,8765
7715,9291,9119,7790,9488,9901,8693,9423,11732,10729,9314,10393,11651,9704,8490,9526,9505,8877
7700,9246,9172,7522,9624,9719,8731,9376,11746,10578,9080,10072,11730,9865,8691,9652,9461,8986
7648,9525,9210,7583,9639,9730,8619,9422,11682,10853,9169,10384,11743,9875,8545,9407,9531,8971
7739,9274,9091,7715,9544,9872,8685,9550,11928,10969,9346,10377,11891,9809,8347,9736,9654,9060
7683,9456,8915,7701,9730,9660,8797,9179,11545,10892,9340,10345,11607,9958,8582,9621,9756,8911
7764,9297,9120,7705,9507,9687,8750,9426,11857,10568,9270,10275,11720,9873,8493,9521,9697,9139
7736,9365,9026,7566,9608,9680,8816,9382,11731,10850,9205,10476,11949,9725,8533,9685,9708,9210
7820,9506,9239,7603,9564,9856,8823,9628,11633,10758,9200,10372,11767,9850,8351,9840,9551,8932
7796,9224,9262,7739,9688,9848,8676,9546,11693,10785,9371,10379,11622,9607,8665,9667,9625,9039
7724,9352,9037,7611,9486,10291,8873,9642,11792,10594,9295,10259,11600,9599,8632,9707,9727,9174
7787,9443,9202,7604,9702,9903,8882,9456,11917,10753,9292,10444,11876,9691,8470,9721,9627,9156
8003,9458,9211,7715,9601,9957,8861,9679,11968,10751,9257,10267,11676,9476,8350,9761,9585,9115
7782,9205,9048,7633,9486,9917,8708,9659,11727,10672,9318,10547,11546,9690,8665,9806,9562,9067
7782,9306,9167,7683,9665,9740,8730,9611,11928,10646,9182,10330,11553,9510,8461,9755,9414,9293
7973,9547,9176,7642,9679,9891,8931,9552,11832,10772,9433,10368,11713,9584,8451,9592,9549,9042
7940,9405,9405,7494,9736,10059,8909,9636,12064,11054,9330,10265,11702,9725,8653,9749,9621,9187
7652,9320,9087,7731,9634,9923,8846,9625,11980,10691,9438,10463,11791,9503,8284,9671,9694,9135
7591,9124,9026,7578,9778,10142,8833,9725,11895,10736,9524,10419,11596,9409,8349,9677,9665,9131
7810,9389,9165,7601,9529,10005,8841,9752,11722,11083,9472,10334,11862,9540,8550,9754,9629,9226
7854,9341,9227,7731,9615,9962,8923,9961,11810,10727,9508,10442,11726,9712,8441,9955,9816,9213
7755,9327,9370,7532,9632,10220,8935,9782,11772,10842,9658,10394,11895,9672,8317,9880,9597,9247
7746,9109,9476,7678,9663,10197,8943,9894,11941,10782,9758,10448,11752,9677,8440,10127,9498,9269
7699,9449,9749,7575,9712,10417,8816,10116,12219,11153,9942,10523,11922,9731,8474,10256,9606,9506
7823,9525,9699,7930,10027,10719,8943,10187,12086,11073,10135,10553,12002,10009,8519,10579,9810,9388
7859,9422,10188,7661,9710,10611,8916,10368,12147,10847,10447,10480,11879,10026,8506,10831,9877,10264
7708,9407,10632,7625,10098,11034,9007,10601,12280,10837,10767,10230,12019,9906,8488,11243,10071,10515
7828,9414,11196,7599,10059,11661,8979,10804,12521,11227,11129,10759,12562,10363,8560,11711,10060,10971
7942,9741,12002,7749,10436,12257,9069,11624,12863,11180,11985,10696,12513,10781,8690,12857,10085,11993
7903,9720,13197,7903,10482,12894,8947,11988,12869,11262,13184,10912,12905,11090,8640,13678,10383,13144
7827,9848,14941,7841,10836,14048,9221,12871,13528,11403,14685,10808,13390,11504,8802,15661,10844,15249
8111,9937,17727,8069,11790,15772,9389,14090,14350,11608,17043,11313,14110,12449,8983,18628,11091,18418
8359,10690,21851,8348,12725,18722,9770,16340,15426,12104,20333,11580,15178,13740,9051,22982,11949,23105
8396,11105,28503,8728,13931,22894,10244,19198,16728,12407,25708,12151,16781,15686,9373,29642,13195,30690
8531,11895,39386,8867,16614,29972,10938,24133,19382,12938,33660,12519,19016,18812,9482,40958,14969,42751
9198,13677,58851,9859,20069,39605,12001,32068,23806,14323,46297,14027,23086,23429,10609,58809,18356,62185
10204,16885,93779,11160,26141,57399,14261,46399,31575,16030,66710,16020,29191,31599,11207,87562,23540,93734
11324,21541,159380,13072,35693,82664,17486,71443,45792,18713,102214,18990,40089,44629,12819,134715,31932,148696
14071,29837,294055,16316,51668,127607,22699,122444,70458,23088,163974,23771,58776,67886,15485,219981,46520,251746
18805,44351,571652,21478,77213,209574,30509,220011,112816,30550,283105,31502,93084,109900,20054,381223,70301,452433
26420,66955,1106866,29255,114776,372893,40868,407843,178699,42020,501934,42627,152006,182858,27086,687957,104133,845484
36154,93573,1939695,39159,159281,667450,51287,699535,266908,56726,893506,56787,242543,304664,36958,1221567,144346,1543383
46073,122206,2951704,49052,207040,1192179,60647,1085082,374798,74378,1512826,72602,376997,505553,48175,1995124,185726,2565004
56272,150413,3756063,58817,240926,1917196,68425,1438880,466040,91625,2322054,87423,553220,804400,60763,2792095,214959,3627534
63635,166350,3878321,64562,250397,2662325,71266,1619859,505613,103749,2976737,96757,702279,1145075,69418,3183308,219714,4139189
64449,161975,3215798,63044,226349,2900167,68196,1480931,461595,103487,3124612,96830,738809,1369534,72077,2859200,197555,3753522
59877,143657,2264961,56173,183926,2574374,59645,1168087,376825,93992,2658412,87079,646949,1361282,68314,2084353,157869,2727844
52890,119217,1417871,46410,137023,1836253,50123,811282,278408,80970,1896614,74025,482542,1124172,59848,1266531,114815,1648877
42887,92214,824238,36568,95591,1117370,39106,530117,194993,64070,1136075,58027,314173,777416,47820,675346,77350,875592
31927,65750,470159,26921,63761,590590,29538,325721,129443,48225,617040,43678,188570,463566,35509,342518,50337,448325
23731,45503,275211,19480,42959,312139,22333,204843,85725,35618,324620,32218,111591,254522,25985,182170,33433,238578
18316,32437,164609,14970,30081,171307,17169,128495,55873,27387,177163,24335,68180,139965,19323,105939,23596,136498
14468,23702,101407,12264,22624,101121,14379,83382,37804,21136,99214,19231,42987,80124,14616,66298,18094,83223
11825,17976,64531,10520,17706,63718,12242,53717,27087,17264,58783,15800,29319,48282,12246,44933,14991,54212
10308,14966,43796,9457,14974,43190,10990,37686,21056,14516,37498,13945,22145,32253,10968,32299,13061,37501
9398,12798,30815,9072,13030,31005,10368,27526,17478,13764,26379,12516,18071,23784,10151,24522,11973,26839
8973,11855,22935,8248,11983,23892,9893,20965,15456,12814,19905,11844,15675,18602,9304,19511,11140,20458
8377,10774,18159,8169,11073,18317,9490,17339,14151,11938,15978,11495,14324,15384,9087,16080,10586,16762
8183,10206,15105,7984,10568,15713,9208,14826,13438,11488,13444,10981,13550,13448,8894,14082,10295,14049
7999,10080,13565,7861,10391,13828,9148,13102,12835,11484,12581,10995,12987,12231,8927,13055,10107,12534
8257,9885,12021,7744,10074,12846,9048,12205,12797,11169,11259,10694,12718,11382,8605,11941,9784,11287
7898,9700,11064,8001,9852,11954,8975,11287,12354,11137,10736,10778,12176,10805,8637,11306,9701,10754
7840,9269,10728,7746,9853,11301,9166,10935,12318,11041,10689,10573,12136,10592,8541,10956,9848,10187
7872,9538,10376,7717,9712,11038,8896,10507,12258,11101,10318,10656,12017,10283,8591,10911,9887,9913
7883,9551,10286,7823,9936,10966,8705,10649,12044,10969,10032,10538,12288,10097,8624,10790,9816,9717
7968,9415,9871,7723,9962,10520,8718,10315,11921,10983,9882,10351,12177,9800,8342,10546,9562,9479
7793,9327,9845,7808,9639,10375,8938,10270,12204,10616,9710,10261,11814,10159,8422,10294,9678,9404
7672,9277,9512,7717,9778,10612,8924,10056,12122,10856,9728,10620,11941,10048,8586,10337,9606,9326
7763,9489,9494,7796,9728,10371,9115,10190,12068,10750,9681,10222,12127,9804,8497,10612,9635,9239
7677,9523,9278,7660,9623,10483,8871,10034,12096,10819,9756,10513,11901,9951,8501,10116,9686,9094
7727,9405,9538,7858,9689,10177,8853,10263,12207,10694,9667,10364,11718,9879,8482,10127,9526,9033
7907,9354,9525,7633,9706,10166,8734,10033,11870,11220,9867,10537,11785,9856,8633,10206,9797,9091
7919,9438,9591,7581,9631,10483,8950,10172,12099,10833,9847,10157,11861,9856,8625,10208,9642,9090
7914,9382,9374,7646,9705,10311,8595,9872,11916,11006,9696,10486,11722,9771,8569,10019,9534,9144
7697,9410,9475,7679,9594,10239,8906,10107,12041,10755,9844,10421,11935,9687,8404,10094,9679,9404
7851,9241,9634,7593,9820,10342,8743,9966,11863,10983,9776,10405,11923,9935,8638,10415,9639,9030
7797,9215,9550,7753,9699,10408,8892,10138,11960,10886,9800,10347,11776,9951,8595,10356,9641,9228
7773,9420,9298,7684,9800,10353,8697,10108,12106,10956,9859,10482,11844,9796,8424,10318,9608,9229
7765,9202,9589,7705,9701,10445,8837,10201,11734,10880,9870,10203,11810,9782,8399,10236,9696,9117
7953,9296,9552,7586,9558,10102,8877,9924,11893,11104,9761,10326,11850,9823,8583,10344,9576,9275
7926,9214,9641,7759,9663,10318,9024,9999,11869,10937,9930,10541,11794,9688,8504,10231,9571,9397
7764,9411,9612,7682,9675,10305,8821,10022,11899,10860,9889,10349,12048,9936,8526,10415,9413,9118
7702,9134,9672,7644,9675,10266,8768,10164,11921,10641,9856,10325,12146,9816,8587,10406,9707,9410
7865,9529,9552,7478,9623,10204,8894,10076,12107,10850,10022,10403,12087,9978,8524,10337,9613,9458
7793,9400,9641,7689,9817,10219,8854,10147,12020,10709,9957,10368,11959,9804,8522,10228,9683,9607
7848,9110,9441,7567,9357,10194,8839,10000,11764,10763,9907,10421,12055,9642,8464,10237,9498,9361
7797,9271,9433,7522,9583,10113,8627,9904,11937,10767,10032,10340,11997,9776,8455,10211,9651,9414
7820,9505,9506,7783,9541,10118,8787,10013,12050,11045,10141,10505,11922,9732,8584,10254,9734,9379
7928,9373,9609,7909,9538,10271,8945,9850,12021,10813,10067,10388,12197,9638,8449,10235,9624,9236
7675,9373,9446,7742,9778,10174,8892,9722,11894,10826,9962,10377,11945,9850,8473,10081,9541,9325
7711,9237,9524,7729,9694,9986,8747,9733,12110,10574,9767,10269,11928,9583,8422,10114,9649,9061
7780,9223,9301,7638,9655,9979,8864,9723,11776,10806,9888,10153,12035,9678,8511,10137,9677,9380
7815,9581,9207,7651,9551,10085,8737,9882,12033,11004,9888,10312,11915,9643,8376,10136,9635,9268
7713,9319,9327,7635,9439,10056,8799,9828,11919,10867,9646,10323,11863,9698,8567,10092,9467,9079
7644,9175,9175,7594,9481,10041,8901,9627,11991,10573,9693,10188,11769,9649,8289,9817,9622,8913
7622,9270,9088,7702,9570,9761,8641,9865,11976,10916,9723,10361,11941,9599,8354,10012,9685,8959
7858,9579,9123,7627,9636,10082,8855,9722,12051,10928,9611,10450,11589,9608,8466,9904,9517,8711
7854,9320,8872,7693,9488,9948,8765,9801,11838,10742,9611,10344,11712,9579,8359,9851,9633,8862
7840,9374,9149,7605,9703,9841,8666,9851,11844,10568,9586,10195,11499,9546,8346,9758,9524,8692
7656,9480,9217,7705,9535,10072,8908,9610,11960,10775,9693,10672,11970,9736,8320,9918,9475,8856
7863,9327,9047,7780,9503,9887,8783,9694,11967,10681,9718,10434,11871,9663,8550,10114,9425,8936
7664,9173,9028,7553,9604,9833,8822,9831,11659,10815,9516,10576,11774,9709,8509,9773,9552,8905
7618,9079,9053,7595,9620,9864,8946,9719,11831,10883,9308,10327,11691,9385,8375,9913,9650,8736
7727,9453,8871,7577,9598,9793,8902,9519,11642,10835,9486,10502,11798,9554,8387,9915,9704,8750
7834,9561,8946,7681,9494,9935,8827,9850,11886,10854,9457,10407,11905,9632,8367,9695,9500,8623
7635,9245,9048,7711,9567,9793,8895,9561,11592,10790,9254,10363,11864,9610,8584,9723,9379,8624
7573,9176,8894,7535,9709,9693,8945,9568,11775,10807,9442,10269,11728,9551,8603,9704,9639,8675
7790,9462,8941,7541,9519,9683,8778,9713,11806,10744,9503,10443,11943,9647,8510,9865,9490,8730
7622,9560,8887,7655,9393,9859,9028,9673,11839,10896,9265,10266,11789,9609,8479,9494,9402,8669
7717,9194,8972,7613,9577,9897,8844,9803,11777,10893,9321,10269,11663,9481,8459,9603,9575,8554
7746,9192,8913,7619,9479,9787,8920,9459,11760,10686,9113,10251,11656,9360,8461,9638,9538,8721
7717,9196,8763,7589,9558,9401,8794,9677,11598,10824,9289,10173,11841,9532,8405,9615,9547,8873
7884,9434,8872,7527,9749,9741,8850,9592,11907,10825,9380,10435,11821,9538,8655,9598,9594,8642
7831,9390,8834,7595,9504,9588,8890,9723,11851,10835,9148,10259,11730,9417,8399,9674,9634,8610
7568,9176,8692,7538,9382,9630,8808,9648,12024,10698,9030,10261,11805,9431,8428,9406,9529,8321
7865,9286,8758,7690,9527,9635,8810,9504,11532,10727,9368,10498,11960,9493,8542,9526,9548,8665
7851,9340,8739,7684,9468,9633,8786,9623,11747,10907,9101,10321,11787,9399,8585,9679,9800,8507
7701,9246,8739,7596,9712,9560,8657,9416,11796,10949,9076,10491,11812,9527,8388,9371,9523,8432
7666,9253,8744,7452,9309,9710,8729,9584,11665,10644,9304,10170,11656,9501,8489,9452,9524,8609
7728,9372,8727,7479,9581,9681,8825,9433,11735,10796,9042,10441,11740,9432,8571,9405,9555,8557
7810,9291,8748,7793,9615,9697,8818,9380,11808,10795,9114,10438,11900,9424,8570,9608,9525,8348
7785,9331,8595,7544,9398,9563,8790,9382,11653,10804,9095,10314,11714,9581,8450,9524,9594,8515
7626,9032,8572,7502,9508,9652,8696,9541,11673,10722,8981,10247,11602,9377,8477,9416,9530,8494
7637,9159,8817,7732,9435,9512,8994,9392,11486,10792,9091,10517,11806,9382,8520,9446,9574,8376
7851,9370,8703,7673,9444,9921,8806,9618,12103,10818,9218,10283,11716,9528,8399,9613,9546,8517
7743,9265,8726,7564,9600,9527,8646,9617,11689,10803,9095,10296,11662,9333,8395,9476,9356,8377
7745,9153,8558,7531,9491,9499,8759,9735,11825,10688,8967,10277,11868,9287,8474,9536,9674,8306
7822,9289,8709,7626,9619,9578,8753,9455,11750,10834,9018,10259,11766,9550,8247,9420,9395,8458
7873,9196,8467,7466,9568,9659,8795,9500,11848,10939,8980,10189,11605,9473,8412,9488,9577,8348
7744,9225,8725,7525,9609,9537,8863,9556,11591,10684,9192,10192,11788,9324,8436,9440,9605,8265
7667,9112,8524,7519,9517,9353,8765,9376,11934,10681,9154,10300,11585,9435,8444,9424,9478,8553
7714,9195,8742,7671,9429,9489,8829,9267,11503,10775,9018,10448,11722,9358,8387,9365,9468,8343
7865,9489,8582,7781,9445,9560,8752,9598,11851,10756,9055,10320,11825,9278,8453,9423,9473,8240
7716,9171,8557,7517,9491,9446,8699,9430,11498,10830,8811,10331,11751,9424,8544,9457,9443,8391
7769,8991,8291,7826,9512,9488,8730,9475,11800,10734,8923,10128,11636,9330,8464,9272,9542,8262
7921,9210,8659,7682,9630,9395,8861,9471,11634,10764,9108,10306,11831,9178,8468,9365,9442,8381
8041,9609,8567,7559,9774,9660,8810,9298,11824,10688,9037,10540,11764,9447,8641,9381,9607,8157
7614,9192,8550,7795,9596,9360,8873,9640,11598,10724,8995,10274,11348,9310,8291,9328,9467,8197
7763,9119,8312,7663,9452,9566,8818,9274,11611,10638,8668,10289,11626,9089,8208,9051,9489,8109
7858,9246,8481,7454,9467,9602,8768,9335,11788,10696,9036,10376,11535,9456,8477,9468,9461,8374
7736,9466,8518,7731,9454,9523,8773,9635,11719,10887,8998,10323,11559,9248,8484,9179,9593,8073
7696,9314,8328,7578,9519,9448,8688,9321,11903,10694,9153,10269,11451,9396,8549,9205,9355,8216
7757,9199,8489,7517,9506,9422,8653,9359,11710,10710,8930,10077,11659,9176,8444,9376,9467,8183
7730,9393,8489,7611,9655,9222,8756,9352,11651,10879,8890,10295,11673,9552,8370,9285,9697,8363
7738,9341,8371,7740,9328,9558,8920,9443,11818,10900,8947,10411,11632,9391,8520,9203,9542,8357
7882,9255,8351,7566,9457,9339,8699,9254,11572,10784,8812,10326,11560,9139,8437,9270,9663,8292
7564,9072,8588,7566,9558,9443,8849,9257,11735,10685,8964,10139,11531,9259,8491,9246,9511,8205
7917,9485,8429,7541,9579,9402,8808,9242,11644,11005,9133,10527,11631,9192,8556,9106,9546,8260
7812,9398,8584,7424,9560,9439,8877,9290,11757,10744,8785,10193,11762,9301,8500,9265,9417,8099
7663,9151,8492,7522,9535,9207,8702,9512,11539,10864,8731,10393,11874,9255,8438,9135,9431,8284
7660,9136,8396,7619,9403,9534,8749,9182,11788,10772,8791,10279,11651,9355,8465,9221,9491,8188
7789,9283,8436,7704,9509,9149,8670,9368,11677,10785,8973,10249,11418,9455,8506,9209,9580,8133
7837,9446,8513,7624,9542,9365,8920,9492,11695,10573,8859,10435,11741,9233,8521,9249,9459,8137
7675,9188,8188,7532,9458,9264,8736,9455,11557,10824,8843,10258,11553,9221,8469,9262,9436,8152
7813,9067,8209,7477,9454,9338,8878,9165,11809,10736,8850,10387,11583,9371,8431,9211,9318,8152
7872,9277,8376,7628,9353,9350,8790,9269,11742,10708,8811,10267,11422,9338,8466,9180,9361,8378
7980,9359,8246,7691,9554,9319,8729,9393,11795,10806,8776,10390,11679,9278,8373,9020,9513,8112
7743,9259,8260,7495,9391,9249,8778,9120,11492,10758,8842,10400,11364,9280,8445,9065,9542,8207
7643,9192,8325,7595,9628,9190,8710,9362,11579,10577,8699,10272,11520,9206,8502,9157,9419,8132
7784,9240,8439,7679,9573,9312,8739,9373,11719,10777,8938,10371,11600,9263,8443,9322,9493,8056
7885,9349,8456,7550,9456,9368,8879,9354,11746,10717,8832,10208,11459,9282,8523,9313,9400,8037
7767,9158,8251,7551,9461,9339,8888,9096,11541,10894,8822,10363,11373,9204,8495,9123,9479,8130
7632,9350,8285,7582,9497,9437,8867,9293,11803,10524,8779,10115,11399,9133,8396,9176,9397,8372
7661,9369,8415,7699,9499,9223,8654,9238,11512,10648,8780,10391,11540,9137,8542,9139,9509,8369
7835,9385,8443,7772,9686,9341,8707,9337,11648,10651,8641,10271,11458,9331,8424,9257,9498,8120
7731,9253,8419,7490,9516,9299,8658,9264,11566,10676,8771,10099,11346,9141,8492,8829,9512,8232
7597,9034,8207,7477,9528,9228,8895,9284,11580,10825,8740,10233,11368,9185,8464,9000,9554,8177
7704,9296,8269,7649,9570,9264,8762,9126,11587,10955,8805,10219,11385,9419,8423,9017,9437,8198
7860,9424,8351,7613,9319,9370,8699,9279,11630,10685,8792,10323,11480,9524,8559,8972,9604,8180
7775,9149,8114,7689,9497,9310,8731,9294,11702,10800,8742,10461,11591,9174,8535,9182,9398,8149
7675,9043,8325,7488,9428,9278,8623,9109,11639,10816,8555,10341,11474,9178,8430,9120,9587,8065
7741,9186,8168,7499,9420,9255,8844,9037,11654,10776,8860,10185,11443,9087,8456,9180,9497,8179
8129,9239,8496,7709,9680,9192,8825,9400,11692,10753,8744,10468,11584,9213,8430,8998,9275,7976
7692,9068,8247,7503,9496,9218,8841,9016,11502,10575,8600,10373,11545,9133,8425,9090,9506,7996
7635,9267,8308,7537,9476,9269,8871,9353,11634,10573,8407,10312,11423,9116,8400,8924,9453,8139
7704,9182,8433,7761,9415,9236,8737,9297,11635,10785,8768,10315,11354,9127,8658,9164,9452,8134
7866,9401,8376,7440,9584,9537,8760,9391,11609,10748,8692,10299,11611,9173,8483,8924,9402,8073
7686,8924,8291,7643,9399,9327,8742,9043,11717,10644,8490,10471,11108,9228,8362,8938,9521,7991
7608,9112,8280,7601,9434,9079,8770,9210,11838,10492,8702,10212,11480,9095,8528,9122,9428,8108
7599,9331,8366,7532,9335,9146,8772,9118,11629,11031,8787,10398,11535,9255,8378,8961,9490,8143
7849,9259,8385,7615,9316,9423,8656,9485,11579,10608,8525,10365,11546,9143,8284,9110,9382,8050
7693,9142,8210,7570,9389,9181,8683,9206,11747,10860,8763,10404,11350,9151,8383,9033,9544,7998
7623,8936,8163,7526,9248,9336,8625,9052,11506,10498,8585,10298,11400,9065,8497,8972,9660,7966
7686,9275,8184,7672,9269,9258,8860,9336,11646,10817,8789,10369,11555,9054,8539,8971,9540,8044
7838,9370,8155,7744,9446,9288,8858,9469,11684,10794,8686,10067,11577,9143,8393,9042,9605,7938
7802,9239,8226,7442,9592,9170,8725,9217,11548,10878,8645,10232,11623,9096,8242,9020,9425,8026
7759,8947,8156,7657,9388,9018,8916,9385,11819,10758,8626,10166,11458,9294,8363,9019,9617,8094
7808,9174,8133,7629,9494,9228,8804,9121,11611,10644,8788,10136,11546,9214,8391,9122,9483,7877
7862,9174,8275,7758,9617,9207,8742,9247,11748,10673,8810,10461,11649,9241,8545,8997,9507,7939
7763,9078,8230,7596,9364,9142,8740,9105,11589,10550,8682,10271,11454,9115,8488,8935,9376,8022
7558,9450,8060,7517,9477,9163,8740,9212,11725,10480,8624,10351,11404,9032,8382,9117,9564,8096
7820,9186,8260,7588,9325,9167,8770,9101,11546,10808,8657,10233,11583,9317,8451,9047,9578,7974
7924,9375,8339,7808,9454,9165,8780,9294,11656,10898,8626,10335,11451,9129,8466,8869,9744,7885
7812,9210,8307,7698,9536,9012,8707,9361,11525,10873,8770,10309,11329,8948,8405,9046,9356,8043
7550,9131,8069,7719,9584,9021,8726,9149,11480,10791,8615,10051,11263,8944,8455,9069,9455,7839
7627,9090,8276,7575,9388,8981,8852,9178,11570,10740,8607,10329,11228,9217,8405,9122,9343,8009
7792,9270,8162,7751,9540,9045,8803,9337,11530,10938,8669,10025,11625,9109,8299,8940,9672,8023
7835,9150,8259,7515,9478,9200,8712,9274,11538,10642,8560,10265,11311,9239,8367,8920,9337,8060
7588,9076,8035,7463,9475,9205,8855,9171,11725,10767,8481,10367,11306,9241,8455,8855,9507,8102
7766,9339,8291,7622,9291,9125,8751,9068,11632,10710,8540,10470,11365,9106,8558,8826,9427,8039
7775,9303,8137,7812,9437,9357,8657,9336,11587,10702,8515,10257,11166,9354,8635,9122,9194,8108
7772,9260,8252,7592,9443,9240,8923,9144,11481,10848,8717,10415,11356,9118,8281,8839,9253,8078
7646,9096,8258,7684,9544,9024,8737,9110,11583,10549,8462,10400,11592,9161,8447,9095,9491,7976
7600,9286,7968,7613,9502,9036,8734,9242,11638,10869,8742,10294,11431,9326,8533,9025,9322,8089
7784,9323,8295,7654,9489,9070,8699,9408,11490,10818,8664,10266,11366,9268,8458,8864,9427,7931
7603,9185,8115,7741,9456,8880,8603,9237,11610,10735,8652,10321,11228,9157,8245,8961,9472,7876
7716,9075,8033,7725,9557,9182,8645,8929,11584,10437,8606,10146,11285,9026,8335,8892,9595,7926
7889,9291,8032,7583,9635,9290,8717,9245,11653,10671,8705,10393,11583,9123,8513,8921,9636,8017
7861,9343,8205,7500,9382,9179,8855,9288,11640,10782,8613,10136,11713,9204,8438,9059,9336,8076
7595,9235,8069,7617,9418,9209,8795,9103,11520,10829,8465,10176,11609,9115,8327,8893,9567,8132
7603,9025,7950,7513,9376,9070,8598,9266,11606,10506,8543,10134,11508,9006,8350,8971,9446,8011
7706,9272,8073,7628,9194,9126,8765,9274,11434,10941,8643,10362,11216,9127,8782,9072,9509,8131
7837,9441,8194,7607,9572,9363,8755,9246,11637,10732,8630,10182,11399,9316,8528,8935,9545,8014
7990,9059,8002,7698,9503,9330,8689,9197,11628,10706,8539,10400,11393,9086,8382,9037,9461,7885
7575,9281,8148,7499,9557,9017,8742,9430,11507,10658,8520,10234,11399,9281,8422,8957,9603,7844
7747,9304,8057,7459,9375,9124,8621,9019,11694,10642,8661,10059,11700,9072,8481,8930,9455,7964
7853,9372,8251,7641,9419,9224,8675,9234,11645,10994,8623,10239,11543,9203,8453,9055,9386,7987
7742,9097,8123,7667,9479,9056,8670,9261,11658,10676,8583,10441,11497,9257,8313,9087,9483,7954
7673,9070,8084,7606,9521,9238,8562,9206,11633,10507,8490,10057,11559,9186,8366,8853,9331,7938
7800,9181,8149,7444,9289,9294,8818,9061,11501,10889,8575,10333,11501,8950,8355,8910,9523,8012
7708,9307,8194,7556,9437,9335,8846,9189,11755,10804,8486,10433,11466,9002,8388,8960,9500,8026
7684,9331,8151,7637,9389,9296,8714,9137,11376,10660,8539,10211,11469,9031,8437,9002,9455,7965
7656,9035,8067,7487,9368,9052,8642,9313,11569,10747,8721,10266,11503,9162,8632,8875,9417,8127
7744,9210,8162,7568,9357,9000,8811,9262,11602,10806,8620,10316,11547,9241,8466,8798,9587,7994
7686,9387,8143,7617,9446,9153,8728,9270,11605,10735,8590,10217,11346,9297,8459,8873,9602,8083
7833,9152,8085,7508,9365,9081,8802,9114,11491,10717,8396,10389,11383,9128,8362,8929,9503,8101
7509,9095,8086,7620,9336,9138,8726,9067,11728,10622,8447,10244,11334,9108,8418,8981,9423,7905
7455,9351,8247,7556,9326,8996,8777,9326,11731,10706,8547,10241,11484,9266,8474,8757,9502,8068
7632,9496,8256,7797,9572,9179,8717,9318,11634,10608,8604,10237,11589,9218,8622,9081,9470,7958
7825,8978,8301,7710,9550,9152,8655,9211,11513,10769,8599,10205,11423,8998,8452,8664,9694,8009
7388,9094,8168,7659,9229,8870,8846,9290,11499,10750,8602,10248,11417,9168,8411,8950,9416,8030
7581,9298,7993,7584,9281,8959,8828,9287,11629,10742,8531,10412,11602,9260,8659,8902,9511,7954
7847,9391,8285,7646,9342,9163,8686,9205,11737,10748,8655,10393,11771,9098,8555,9016,9399,8075
7624,9172,8096,7600,9194,8927,8780,9143,11556,10883,8712,10337,11401,8898,8536,8975,9421,7904
7553,9161,8101,7633,9458,9115,8786,9132,11740,10628,8537,10187,11409,9225,8458,8861,9340,7910
7871,9240,8043,7356,9379,9115,8720,9020,11581,10695,8542,10462,11583,9292,8401,9000,9709,8058
7844,9218,8302,7696,9304,9459,8804,9399,11680,10797,8518,10302,11498,9146,8536,8991,9482,8063
7860,9161,8271,7621,9412,8866,8802,9169,11523,10734,8563,10165,11408,9245,8393,8899,9476,7950
7558,9326,8024,7475,9580,9168,8744,9163,11679,10619,8443,10337,11457,9267,8444,8871,9616,7929
7747,9443,8097,7621,9606,8995,8812,9286,11508,10816,8634,10276,11542,9243,8522,8968,9389,7789
7922,9248,8207,7626,9372,9115,8798,9341,11437,10518,8586,10313,11570,9151,8416,8875,9442,8023
7764,9237,8009,7640,9451,8912,8593,8993,11817,10589,8731,10356,11400,9265,8566,8747,9320,7990
7390,8861,8086,7470,9351,9123,8777,9114,11657,10673,8647,10174,11472,9155,8602,8737,9267,8098
7724,9059,8186,7531,9409,9012,8838,9195,11663,10959,8462,10043,11489,9188,8517,9010,9466,7903
7686,9352,7992,7736,9521,9175,8734,9275,11665,10747,8449,10344,11426,9132,8433,8945,9383,7984
